table,command,anon,authenticated,public,service_role
public.admin_audit_log,SELECT,allow,allow,allow,allow
public.admin_audit_log,INSERT,allow,allow,allow,allow
public.admin_audit_log,UPDATE,deny,deny,deny,deny
public.admin_audit_log,DELETE,deny,deny,deny,deny
public.club_followers,SELECT,allow,allow,allow,allow
public.club_followers,INSERT,deny,allow,deny,deny
public.club_followers,UPDATE,deny,deny,deny,deny
public.club_followers,DELETE,deny,allow,deny,deny
public.club_invitations,SELECT,deny,allow,deny,deny
public.club_invitations,INSERT,deny,allow,deny,deny
public.club_invitations,UPDATE,deny,deny,deny,deny
public.club_invitations,DELETE,deny,deny,deny,deny
public.club_members,SELECT,deny,allow,deny,deny
public.club_members,INSERT,deny,allow,deny,deny
public.club_members,UPDATE,deny,allow,deny,deny
public.club_members,DELETE,deny,allow,deny,deny
public.clubs,SELECT,allow,allow,allow,allow
public.clubs,INSERT,deny,allow,deny,deny
public.clubs,UPDATE,deny,allow,deny,deny
public.clubs,DELETE,deny,deny,deny,deny
public.email_reminder_log,SELECT,allow,allow,allow,allow
public.email_reminder_log,INSERT,deny,deny,deny,allow
public.email_reminder_log,UPDATE,deny,deny,deny,allow
public.email_reminder_log,DELETE,deny,deny,deny,allow
public.event_invites,SELECT,allow,allow,allow,allow
public.event_invites,INSERT,allow,allow,allow,allow
public.event_invites,UPDATE,deny,deny,deny,deny
public.event_invites,DELETE,allow,allow,allow,allow
public.event_popularity_scores,SELECT,allow,allow,allow,allow
public.event_popularity_scores,INSERT,allow,allow,allow,allow
public.event_popularity_scores,UPDATE,allow,allow,allow,allow
public.event_popularity_scores,DELETE,allow,allow,allow,allow
public.event_reports,SELECT,deny,allow,deny,deny
public.event_reports,INSERT,deny,allow,deny,deny
public.event_reports,UPDATE,deny,allow,deny,deny
public.event_reports,DELETE,deny,deny,deny,deny
public.events,SELECT,allow,allow,allow,allow
public.events,INSERT,deny,allow,deny,deny
public.events,UPDATE,deny,allow,deny,deny
public.events,DELETE,deny,allow,deny,deny
public.experiment_assignments,SELECT,allow,allow,allow,allow
public.experiment_assignments,INSERT,allow,allow,allow,allow
public.experiment_assignments,UPDATE,allow,allow,allow,allow
public.experiment_assignments,DELETE,allow,allow,allow,allow
public.experiment_variants,SELECT,allow,allow,allow,allow
public.experiment_variants,INSERT,allow,allow,allow,allow
public.experiment_variants,UPDATE,allow,allow,allow,allow
public.experiment_variants,DELETE,allow,allow,allow,allow
public.experiments,SELECT,allow,allow,allow,allow
public.experiments,INSERT,allow,allow,allow,allow
public.experiments,UPDATE,allow,allow,allow,allow
public.experiments,DELETE,allow,allow,allow,allow
public.featured_clubs,SELECT,allow,allow,allow,allow
public.featured_clubs,INSERT,allow,allow,allow,allow
public.featured_clubs,UPDATE,allow,allow,allow,allow
public.featured_clubs,DELETE,allow,allow,allow,allow
public.featured_events,SELECT,allow,allow,allow,allow
public.featured_events,INSERT,allow,allow,allow,allow
public.featured_events,UPDATE,allow,allow,allow,allow
public.featured_events,DELETE,allow,allow,allow,allow
public.feedback,SELECT,deny,allow,deny,allow
public.feedback,INSERT,deny,allow,deny,allow
public.feedback,UPDATE,deny,deny,deny,allow
public.feedback,DELETE,deny,deny,deny,allow
public.feedback_request_log,SELECT,allow,allow,allow,allow
public.feedback_request_log,INSERT,deny,deny,deny,allow
public.feedback_request_log,UPDATE,deny,deny,deny,allow
public.feedback_request_log,DELETE,deny,deny,deny,allow
public.moderation_reviews,SELECT,allow,allow,allow,allow
public.moderation_reviews,INSERT,allow,allow,allow,allow
public.moderation_reviews,UPDATE,allow,allow,allow,allow
public.moderation_reviews,DELETE,allow,allow,allow,allow
public.notifications,SELECT,deny,allow,deny,deny
public.notifications,INSERT,deny,deny,deny,allow
public.notifications,UPDATE,allow,allow,allow,allow
public.notifications,DELETE,deny,deny,deny,deny
public.organizer_requests,SELECT,deny,allow,deny,deny
public.organizer_requests,INSERT,deny,allow,deny,deny
public.organizer_requests,UPDATE,deny,allow,deny,deny
public.organizer_requests,DELETE,deny,allow,deny,deny
public.recommendation_explicit_feedback,SELECT,allow,allow,allow,allow
public.recommendation_explicit_feedback,INSERT,allow,allow,allow,allow
public.recommendation_explicit_feedback,UPDATE,allow,allow,allow,allow
public.recommendation_explicit_feedback,DELETE,deny,deny,deny,deny
public.recommendation_feedback,SELECT,allow,allow,allow,allow
public.recommendation_feedback,INSERT,allow,allow,allow,allow
public.recommendation_feedback,UPDATE,deny,deny,deny,deny
public.recommendation_feedback,DELETE,deny,deny,deny,deny
public.reviews,SELECT,allow,allow,allow,allow
public.reviews,INSERT,allow,allow,allow,allow
public.reviews,UPDATE,allow,allow,allow,allow
public.reviews,DELETE,allow,allow,allow,allow
public.rsvps,SELECT,allow,allow,allow,allow
public.rsvps,INSERT,allow,allow,allow,allow
public.rsvps,UPDATE,allow,allow,allow,allow
public.rsvps,DELETE,allow,allow,allow,allow
public.saved_events,SELECT,allow,allow,allow,allow
public.saved_events,INSERT,allow,allow,allow,allow
public.saved_events,UPDATE,deny,deny,deny,deny
public.saved_events,DELETE,allow,allow,allow,allow
public.tag_interaction_counts,SELECT,allow,allow,allow,allow
public.tag_interaction_counts,INSERT,allow,allow,allow,allow
public.tag_interaction_counts,UPDATE,allow,allow,allow,allow
public.tag_interaction_counts,DELETE,allow,allow,allow,allow
public.user_event_scores,SELECT,allow,allow,allow,allow
public.user_event_scores,INSERT,allow,allow,allow,allow
public.user_event_scores,UPDATE,allow,allow,allow,allow
public.user_event_scores,DELETE,allow,allow,allow,allow
public.user_follows,SELECT,allow,allow,allow,allow
public.user_follows,INSERT,allow,allow,allow,allow
public.user_follows,UPDATE,deny,deny,deny,deny
public.user_follows,DELETE,allow,allow,allow,allow
public.user_interactions,SELECT,allow,allow,allow,allow
public.user_interactions,INSERT,allow,allow,allow,allow
public.user_interactions,UPDATE,deny,deny,deny,deny
public.user_interactions,DELETE,deny,deny,deny,deny
public.users,SELECT,allow,allow,allow,allow
public.users,INSERT,allow,allow,allow,allow
public.users,UPDATE,allow,allow,allow,allow
public.users,DELETE,deny,deny,deny,deny
storage.buckets,SELECT,deny,deny,deny,deny
storage.buckets,INSERT,deny,deny,deny,deny
storage.buckets,UPDATE,deny,deny,deny,deny
storage.buckets,DELETE,deny,deny,deny,deny
storage.buckets_analytics,SELECT,deny,deny,deny,deny
storage.buckets_analytics,INSERT,deny,deny,deny,deny
storage.buckets_analytics,UPDATE,deny,deny,deny,deny
storage.buckets_analytics,DELETE,deny,deny,deny,deny
storage.buckets_vectors,SELECT,deny,deny,deny,deny
storage.buckets_vectors,INSERT,deny,deny,deny,deny
storage.buckets_vectors,UPDATE,deny,deny,deny,deny
storage.buckets_vectors,DELETE,deny,deny,deny,deny
storage.migrations,SELECT,deny,deny,deny,deny
storage.migrations,INSERT,deny,deny,deny,deny
storage.migrations,UPDATE,deny,deny,deny,deny
storage.migrations,DELETE,deny,deny,deny,deny
storage.objects,SELECT,allow,allow,allow,allow
storage.objects,INSERT,allow,allow,allow,allow
storage.objects,UPDATE,allow,allow,allow,allow
storage.objects,DELETE,deny,allow,deny,deny
storage.s3_multipart_uploads,SELECT,deny,deny,deny,deny
storage.s3_multipart_uploads,INSERT,deny,deny,deny,deny
storage.s3_multipart_uploads,UPDATE,deny,deny,deny,deny
storage.s3_multipart_uploads,DELETE,deny,deny,deny,deny
storage.s3_multipart_uploads_parts,SELECT,deny,deny,deny,deny
storage.s3_multipart_uploads_parts,INSERT,deny,deny,deny,deny
storage.s3_multipart_uploads_parts,UPDATE,deny,deny,deny,deny
storage.s3_multipart_uploads_parts,DELETE,deny,deny,deny,deny
storage.vector_indexes,SELECT,deny,deny,deny,deny
storage.vector_indexes,INSERT,deny,deny,deny,deny
storage.vector_indexes,UPDATE,deny,deny,deny,deny
storage.vector_indexes,DELETE,deny,deny,deny,deny
